[
    {
        "focal-species": "Lupinus Leguminosae,", 
        "authors COO(in order)": " Reprint Author CZECH REPUBLIC, CZECH REPUBLIC, DENMARK, ECUADOR, ", 
        "journal": "ALPINE BOTANY", 
        "year": "2016", 
        "focal-species-COO": "COLOMBIA,ECUADOR,", 
        "genetic-tool": "microsatellite,", 
        "funding-organization": "Fond Mobility of Charles University in Prague"
    }, 
    {
        "focal-species": "Phaedranassa Amaryllidaceae,", 
        "authors COO(in order)": " Reprint Author ECUADOR,  Reprint Author USA,  Reprint Author USA, ECUADOR, USA, USA, USA, ", 
        "journal": "BOTANICAL JOURNAL OF THE LINNEAN SOCIETY", 
        "year": "2016", 
        "focal-species-COO": "ECUADOR,", 
        "genetic-tool": "microsatellite,microsatellites,EST,", 
        "funding-organization": "National Science Foundation (NSF) {[}DEB 0129179]; Judith Evans Parker\n   Travel Grant; Universidad Tecnologica Indoamerica {[}207 - 2011]"
    }, 
    {
        "focal-species": "", 
        "authors COO(in order)": " Reprint Author ITALY, ITALY, FRANCE, ITALY, ", 
        "journal": "WORLD DEVELOPMENT", 
        "year": "2015", 
        "focal-species-COO": "BOLIVIA,ECUADOR,MEXICO,PERU,", 
        "genetic-tool": "", 
        "funding-organization": "McKnight Foundation {[}09-1100]; CGIAR Research Program on Policies,\n   Institutions and Markets"
    }, 
    {
        "focal-species": "Polylepis Rosaceae,", 
        "authors COO(in order)": " Reprint Author GERMANY, GERMANY, CZECH REPUBLIC, CANADA, SPAIN, CZECH REPUBLIC, ECUADOR, GERMANY, ", 
        "journal": "BIOTROPICA", 
        "year": "2015", 
        "focal-species-COO": "ECUADOR,", 
        "genetic-tool": "AFLP,", 
        "funding-organization": "MSMT CzechPolar {[}LM2010009]; JAE-Doc Program; ESF; China Scholarship\n   Council (CSC) {[}2011618106];  {[}GAAV-A601110702]"
    }, 
    {
        "focal-species": "Solanum Solanaceae,", 
        "authors COO(in order)": " Reprint Author CHILE, CHILE, ARGENTINA, CHILE, ", 
        "journal": "CHILEAN JOURNAL OF AGRICULTURAL RESEARCH", 
        "year": "2014", 
        "focal-species-COO": "CHILE,COLOMBIA,ECUADOR,PERU,", 
        "genetic-tool": "", 
        "funding-organization": "MARS, Inc. {[}58-6631-6-123]; USDA-ARS-SHRS, Miami, FL, cacao program"
    }, 
    {
        "focal-species": "Phaedranassa Amaryllidaceae,Swietenia Meliaceae,", 
        "authors COO(in order)": " Reprint Author USA, USA, USA, USA, ECUADOR, ", 
        "journal": "BOTANICAL REVIEW", 
        "year": "2013", 
        "focal-species-COO": "ECUADOR,", 
        "genetic-tool": "microsatellite,microsatellites,", 
        "funding-organization": "National Science Foundation (NSF) {[}DEB 0129179]"
    }, 
    {
        "focal-species": "Batatas Convolvulaceae,Ipomoea Convolvulaceae,", 
        "authors COO(in order)": " Reprint Author FRANCE, FRANCE, FRANCE, FRANCE, FRANCE, ", 
        "journal": "PROCEEDINGS OF THE NATIONAL ACADEMY OF SCIENCES OF THE UNITED STATES OF\n   AMERICA", 
        "year": "2013", 
        "focal-species-COO": "MEXICO,PERU,", 
        "genetic-tool": "microsatellites,", 
        "funding-organization": "French Ministry of European and Foreign Affairs; SYNTHESYS Project\n   (Synthesis of Systematic Resources); European Community Research\n   Infrastructure Action under the Seventh Framework Program; French\n   Ministry of Higher Education and Research"
    }, 
    {
        "focal-species": "Capsicum Solanaceae,Castanopsis Fagaceae,", 
        "authors COO(in order)": " Reprint Author CHINA, CHINA, CHINA, ", 
        "journal": "OIKOS", 
        "year": "2012", 
        "focal-species-COO": "CHINA,ECUADOR,MEXICO,", 
        "genetic-tool": "microsatellite,AFLP,", 
        "funding-organization": "Keygene Inc. {[}58-3K95-8-1253]"
    }, 
    {
        "focal-species": "Annona Annonaceae,", 
        "authors COO(in order)": " Reprint Author COLOMBIA, COLOMBIA, BELGIUM, SPAIN, KENYA, BOLIVIA, ECUADOR, ECUADOR, PERU, ", 
        "journal": "PLOS ONE", 
        "year": "2012", 
        "focal-species-COO": "BOLIVIA,ECUADOR,NEW ZEALAND,PERU,", 
        "genetic-tool": "microsatellite,molecular marker,AFLP,", 
        "funding-organization": "Beneficia Foundation; California Academy of Sciences; Cybec Foundation;\n   San Francisco State University (CGLab); Frankfurt Zoological Society;\n   Galapagos Conservation Trust; J.Q. Worthington Foundation Inc.;\n   Keidranen Nature Conservation Fund"
    }, 
    {
        "focal-species": "Aneura Aneuraceae,Cryptothallus Aneuraceae,Lobatiriccardia Aneuraceae,Mirabilis Nyctaginaceae,Riccardia Aneuraceae,Side Malvaceae,Verdoornia Makinoaceae,", 
        "authors COO(in order)": " Reprint Author GERMANY, GERMANY, GERMANY, USA, GERMANY, USA, AUSTRIA, USA, ", 
        "journal": "TAXON", 
        "year": "2010", 
        "focal-species-COO": "ECUADOR,", 
        "genetic-tool": "", 
        "funding-organization": "German Science Foundation {[}DFG FOR 402, NE 887/1-3]; NSF\n   {[}DEB-0531557]"
    }, 
    {
        "focal-species": "Lycopersicon Solanaceae,Solanum Solanaceae,", 
        "authors COO(in order)": " Reprint Author SPAIN, SPAIN, PERU, ECUADOR, ", 
        "journal": "GENETIC RESOURCES AND CROP EVOLUTION", 
        "year": "2009", 
        "focal-species-COO": "ECUADOR,", 
        "genetic-tool": "microsatellite,microsatellites,", 
        "funding-organization": "BBVA"
    }
]